{
  "machine": "kabaneri_unato",
  "version": "1.0.0",
  "probability": {
    "bonus": [0.00676, 0.00595, 0.00562, 0.00500, 0.00488, 0.00455],
    "st":    [0.00417, 0.00373, 0.00351, 0.00317, 0.00313, 0.00294],
    "bell":  [0.14706, 0.14706, 0.14286, 0.13889, 0.13514, 0.13158],
    "p3":    [0.30, 0.35, 0.42, 0.50, 0.58, 0.65]
  },
  "performance": {
    "voice": {
      "v_none":   [0.55, 0.50, 0.48, 0.42, 0.38, 0.30],
      "v_male":   [0.25, 0.22, 0.22, 0.18, 0.16, 0.12],
      "v_female": [0.12, 0.16, 0.16, 0.20, 0.22, 0.24],
      "v_kage":   [0.06, 0.08, 0.10, 0.12, 0.14, 0.18],
      "v_nana":   [0.02, 0.04, 0.04, 0.08, 0.10, 0.16]
    },
    "chara": {
      "c_even":   [0.35, 0.15, 0.15, 0.15, 0.15, 0.10],
      "c_female": [0.20, 0.35, 0.20, 0.35, 0.20, 0.35],
      "c_male":   [0.20, 0.15, 0.40, 0.15, 0.40, 0.15],
      "c_bima":   [0.05, 0.10, 0.10, 0.20, 0.20, 0.30]
    },
    "endScreen": {
      "e_normal": [0.75, 0.70, 0.68, 0.60, 0.55, 0.40],
      "e_all":    [0.22, 0.25, 0.27, 0.32, 0.35, 0.42],
      "e_mizugi": [0.03, 0.05, 0.05, 0.08, 0.10, 0.18]
    },
    "medal": {
      "m_hit":  [0.05, 0.08, 0.08, 0.15, 0.18, 0.25],
      "m_none": [0.95, 0.92, 0.92, 0.85, 0.82, 0.75]
    },
    "attack": {
      "atk_zoro": [0.02, 0.03, 0.03, 0.10, 0.14, 0.20]
    }
  }
}
